USE test;
DROP TABLE IF EXISTS t1;
SET sql_mode = 'NO_ENGINE_SUBSTITUTION';
CREATE TABLE t1 (
cont_nr bigint(11) UNSIGNED NOT NULL auto_increment,
ver_nr bigint(11) NOT NULL default '0',
aufnr bigint(11) NOT NULL default '0',
username varchar(50) NOT NULL default '',
hdl_nr bigint(11) NOT NULL default '0',
eintrag date NOT NULL default '0000-00-00',
st_klasse varchar(40) NOT NULL default '',
st_wert varchar(40) NOT NULL default '',
st_zusatz varchar(40) NOT NULL default '',
st_bemerkung varchar(255) NOT NULL default '',
kunden_art varchar(40) NOT NULL default '',
mcbs_knr bigint(11) default NULL,
mcbs_aufnr bigint(11) NOT NULL default '0',
schufa_status char(1) default '?',
bemerkung text,
wirknetz text,
wf_igz bigint(11) NOT NULL default '0',
tarifcode varchar(80) default NULL,
recycle char(1) default NULL,
sim varchar(30) default NULL,
mcbs_tpl varchar(30) default NULL,
emp_nr bigint(11) NOT NULL default '0',
laufzeit bigint(11) default NULL,
hdl_name varchar(30) default NULL,
prov_hdl_nr bigint(11) NOT NULL default '0',
auto_wirknetz varchar(50) default NULL,
auto_billing varchar(50) default NULL,
touch timestamp NULL DEFAULT NULL ON UPDATE CURRENT_TIMESTAMP,
kategorie varchar(50) default NULL,
kundentyp varchar(20) NOT NULL default '',
sammel_rech_msisdn varchar(30) NOT NULL default '',
p_nr varchar(9) NOT NULL default '',
suffix char(3) NOT NULL default '',
PRIMARY KEY (cont_nr),
KEY idx_aufnr(aufnr),
KEY idx_hdl_nr(hdl_nr),
KEY idx_st_klasse(st_klasse),
KEY ver_nr(ver_nr),
KEY eintrag_idx(eintrag),
KEY emp_nr_idx(emp_nr),
KEY wf_igz(wf_igz),
KEY touch(touch),
KEY hdl_tag(eintrag,hdl_nr),
KEY prov_hdl_nr(prov_hdl_nr),
KEY mcbs_aufnr(mcbs_aufnr),
KEY kundentyp(kundentyp),
KEY p_nr(p_nr,suffix)
)COMMENT REPLICA=1 ENGINE=memory AUTO_INCREMENT=1;
INSERT INTO t1 VALUES (3359356,405,3359356,'Mustermann Musterfrau',52500,'2000-05-20','workflow','Auftrag erledigt','Originalvertrag eingegangen und gepr�ft','','privat',1485525,2122316,'+','','N',1909160,'MobilComSuper92000D2',NULL,NULL,'MS9ND2',3,24,'MobilCom Shop Koeln',52500,NULL,'auto',20010202105916,'Mobilfunk','PP','','','');
INSERT INTO t1 VALUES (3359357,468,3359357,'Mustermann Musterfrau',7001,'2000-05-20','workflow','Auftrag erledigt','Originalvertrag eingegangen und gepr�ft','','privat',1503580,2139699,'+','','P',1909171,'MobilComSuper9D1T10SFreisprech(Akquise)',NULL,NULL,'MS9NS1',327,24,'MobilCom Intern',7003,NULL,'auto',20010202105916,'Mobilfunk','PP','','','');
INSERT INTO t1 VALUES (3359358,407,3359358,'Mustermann Musterfrau',7001,'2000-05-20','workflow','Auftrag erledigt','Originalvertrag eingegangen und gepr�ft','','privat',1501358,2137473,'N','','N',1909159,'MobilComSuper92000D2',NULL,NULL,'MS9ND2',325,24,'MobilCom Intern',7003,NULL,'auto',20010202105916,'Mobilfunk','PP','','','');
INSERT INTO t1 VALUES (3359359,468,3359359,'Mustermann Musterfrau',7001,'2000-05-20','workflow','Auftrag erledigt','Originalvertrag eingegangen und gepr�ft','','privat',1507831,2143894,'+','','P',1909162,'MobilComSuper9D1T10SFreisprech(Akquise)',NULL,NULL,'MS9NS1',327,24,'MobilCom Intern',7003,NULL,'auto',20010202105916,'Mobilfunk','PP','','','');
INSERT INTO t1 VALUES (3359360,0,0,'Mustermann Musterfrau',29674907,'2000-05-20','workflow','Auftrag erledigt','Originalvertrag eingegangen und gepr�ft','','privat',1900169997,2414578,'+',NULL,'N',1909148,'',NULL,NULL,'RV99066_2',20,NULL,'POS',29674907,NULL,NULL,20010202105916,'Mobilfunk','','','97317481','007');
INSERT INTO t1 VALUES (3359361,406,3359361,'Mustermann Musterfrau',7001,'2000-05-20','workflow','Auftrag storniert','','(7001-84):Storno, Kd. m�chte nicht mehr','privat',NULL,0,'+','','P',1909150,'MobilComSuper92000D1(Akquise)',NULL,NULL,'MS9ND1',325,24,'MobilCom Intern',7003,NULL,'auto',20010202105916,'Mobilfunk','PP','','','');
INSERT INTO t1 VALUES (3359362,406,3359362,'Mustermann Musterfrau',7001,'2000-05-20','workflow','Auftrag erledigt','Originalvertrag eingegangen und gepr�ft','','privat',1509984,2145874,'+','','P',1909154,'MobilComSuper92000D1(Akquise)',NULL,NULL,'MS9ND1',327,24,'MobilCom Intern',7003,NULL,'auto',20010202105916,'Mobilfunk','PP','','','');
drop table t1;
CREATE TABLE t1 (
AUFNR varchar(12) NOT NULL default '',
PLNFL varchar(6) NOT NULL default '',
VORNR varchar(4) NOT NULL default '',
# xstatus_vor smallint(5) unsigned  NOT NULL default '0'
 xstatus_vor BIGINT UNSIGNED AUTO_INCREMENT PRIMARY KEY
) COMMENT REPLICA=1 ENGINE=memory AUTO_INCREMENT=1;
INSERT INTO t1 VALUES ('40004712','000001','0010',9);
INSERT INTO t1 VALUES ('40004712','000001','0020',0);
drop table t1;
drop table if exists t1,t2,t3;
create table t1 (a BIGINT UNSIGNED AUTO_INCREMENT PRIMARY KEY, b bigint, c bigint) COMMENT REPLICA=1 ENGINE=memory AUTO_INCREMENT=1;
create table t2 (d BIGINT UNSIGNED AUTO_INCREMENT PRIMARY KEY) COMMENT REPLICA=1 ENGINE=memory AUTO_INCREMENT=1;
create table t3 (a1 BIGINT UNSIGNED AUTO_INCREMENT PRIMARY KEY, b1 bigint, c1 bigint) COMMENT REPLICA=1 ENGINE=memory AUTO_INCREMENT=1;
insert into t1 values(1,2,3);
insert into t1 values(11,22,33);
insert into t2 values(99);
select t1.* from t1;
a	b	c
1	2	3
11	22	33
select t2.* from t2;
d
99
select t1.*, t1.* from t1;
a	b	c	a	b	c
1	2	3	1	2	3
11	22	33	11	22	33
select t1.*, a, t1.* from t1;
a	b	c	a	a	b	c
1	2	3	1	1	2	3
11	22	33	11	11	22	33
select a, t1.* from t1;
a	a	b	c
1	1	2	3
11	11	22	33
select t1.*, a from t1;
a	b	c	a
1	2	3	1
11	22	33	11
select a, t1.*, b from t1;
a	a	b	c	b
1	1	2	3	2
11	11	22	33	22
select a as 'x', t1.* from t1;
'x'	a	b	c
1	1	2	3
11	11	22	33
select t1.*, a as 'x' from t1;
a	b	c	'x'
1	2	3	1
11	22	33	11
select a as 'x', t1.*, b as 'x' from t1;
'x'	a	b	c	'x'
1	1	2	3	2
11	11	22	33	22
drop table t1,t2,t3;
SET sql_mode = default;
